dataset,metric,refresh_granularity,comparison,ric_mean,baseline,baseline_mean,mean_delta,wilcoxon_statistic,p_value_one_sided,holm_p_value,significant_holm_0.05,n_queries,n_nonzero_pairs,ric_policy_rank,baseline_policy_rank
scifact,low_budget_mean_recall@10,doc,ric>popularity,0.7329722222222221,popularity,0.6490833333333333,0.08388888888888879,815.0,8.82263791811197e-09,7.940374126300773e-08,True,300,40,1,10
scifact,low_budget_mean_recall@10,doc,ric>fastfill_uncertainty,0.7329722222222221,fastfill_uncertainty,0.6493888888888889,0.08358333333333323,814.0,1.081889615316512e-08,7.970672642557708e-08,True,300,40,1,9
scifact,low_budget_mean_recall@10,doc,ric>residual,0.7329722222222221,residual,0.6502222222222223,0.08274999999999988,850.0,9.963340803197135e-09,7.970672642557708e-08,True,300,41,1,8
scifact,low_budget_mean_recall@10,doc,ric>adapter_disagreement,0.7329722222222221,adapter_disagreement,0.6524166666666666,0.08055555555555549,1073.0,1.9372017908076208e-08,1.1623210744845725e-07,True,300,47,1,7
scifact,low_budget_mean_recall@10,doc,ric>margin,0.7329722222222221,margin,0.6556111111111111,0.07736111111111099,841.5,3.479583891297682e-08,1.7397919456488412e-07,True,300,41,1,6
scifact,low_budget_mean_recall@10,doc,ric>entropy,0.7329722222222221,entropy,0.6559166666666667,0.07705555555555543,1098.0,5.2118646683507603e-08,2.0847458673403041e-07,True,300,48,1,5
scifact,low_budget_mean_recall@10,doc,ric>random,0.7329722222222221,random,0.6585277777777778,0.07444444444444431,820.0,1.4106353910673342e-07,4.2319061732020025e-07,True,300,41,1,4
scifact,low_budget_mean_recall@10,doc,ric>sparse_overlap,0.7329722222222221,sparse_overlap,0.6590833333333334,0.07388888888888878,870.0,4.1453226587737865e-07,6.207316627514132e-07,True,300,43,1,3
scifact,low_budget_mean_recall@10,doc,ric>learned_gain,0.7329722222222221,learned_gain,0.6803333333333333,0.05263888888888879,881.0,3.103658313757066e-07,6.207316627514132e-07,True,300,43,1,2
