dataset,metric,refresh_granularity,comparison,ric_mean,baseline,baseline_mean,mean_delta,wilcoxon_statistic,p_value_one_sided,holm_p_value,significant_holm_0.05,n_queries,n_nonzero_pairs,ric_policy_rank,baseline_policy_rank
scifact,low_budget_mean_recall@10,doc,ric>popularity,0.6815833333333333,popularity,0.6490833333333333,0.03249999999999997,437.0,9.91540126522348e-06,8.923861138701132e-05,True,300,30,2,10
scifact,low_budget_mean_recall@10,doc,ric>fastfill_uncertainty,0.6815833333333333,fastfill_uncertainty,0.6493888888888889,0.032194444444444414,515.0,8.353359239535926e-05,0.0006682687391628741,True,300,34,2,9
scifact,low_budget_mean_recall@10,doc,ric>adapter_disagreement,0.6815833333333333,adapter_disagreement,0.6524166666666666,0.029166666666666674,407.5,0.00013429136604621155,0.0009400395623234809,True,300,30,2,7
scifact,low_budget_mean_recall@10,doc,ric>residual,0.6815833333333333,residual,0.6502222222222223,0.03136111111111106,531.0,0.00017035935225273566,0.001022156113516414,True,300,35,2,8
scifact,low_budget_mean_recall@10,doc,ric>entropy,0.6815833333333333,entropy,0.6559166666666667,0.025666666666666615,380.5,0.001060719439599083,0.0053035971979954145,True,300,30,2,5
scifact,low_budget_mean_recall@10,doc,ric>margin,0.6815833333333333,margin,0.6556111111111111,0.025972222222222174,515.0,0.0019358258428451038,0.007743303371380415,True,300,36,2,6
scifact,low_budget_mean_recall@10,doc,ric>random,0.6815833333333333,random,0.6585277777777778,0.023055555555555496,409.5,0.002918705593174924,0.008756116779524772,True,300,32,2,4
scifact,low_budget_mean_recall@10,doc,ric>sparse_overlap,0.6815833333333333,sparse_overlap,0.6590833333333334,0.022499999999999964,452.5,0.003698830236146252,0.008756116779524772,True,300,34,2,3
scifact,low_budget_mean_recall@10,doc,ric>learned_gain,0.6815833333333333,learned_gain,0.6815833333333333,0.0,0.0,1.0,1.0,False,300,0,2,1
